place_id,name,rating,reviews_count,long,lat,category,caption_idn,caption_eng
1,Kebun Teh Kemuning,4.5,1630,-7.5955234,111.1333666,Nature,"Nikmati keindahan alam yang memukau di Kebun Teh Kemuning, tempat yang menawarkan pemandangan hijau yang luas dan udara segar pegunungan. Terletak di lereng Gunung Lawu, kebun teh ini tidak hanya menawarkan panorama indah, tetapi juga memberikan pengalaman menyaksikan proses pengolahan teh tradisional. Saat Anda berjalan-jalan di antara barisan pohon teh, rasakan kedamaian yang mendalam dan hiruplah aroma teh yang menyegarkan. Kebun Teh Kemuning adalah destinasi ideal untuk melarikan diri dari hiruk-pikuk kota dan menikmati ketenangan alam.","Enjoy the stunning natural beauty of Kebun Teh Kemuning, a place that offers vast green scenery and fresh mountain air. Located on the slopes of Mount Lawu, this tea garden not only provides breathtaking panoramas but also offers the experience of witnessing traditional tea processing. As you stroll through the rows of tea plants, feel the deep serenity and inhale the refreshing aroma of tea. Kebun Teh Kemuning is the ideal destination to escape the city's hustle and bustle and enjoy the tranquility of nature."
2,Bukit Soko Gunung,4.5,68,-7.8378746,110.8970116,Nature,"Bukit Soko Gunung adalah surga bagi para pecinta alam dan pendaki. Dengan pemandangan yang menakjubkan dari puncaknya, Anda akan disuguhi panorama kota Solo dan sekitarnya yang memukau. Perjalanan menuju puncak bukit ini penuh dengan keindahan alam yang belum terjamah, melalui jalur-jalur yang menantang namun memuaskan. Bukit ini menjadi tempat yang sempurna untuk menyaksikan matahari terbit atau terbenam, dengan latar belakang langit yang berwarna-warni yang memanjakan mata. Bukit Soko Gunung adalah destinasi yang wajib dikunjungi bagi mereka yang mencari petualangan dan ketenangan di alam.","Bukit Soko Gunung is a paradise for nature lovers and hikers. With breathtaking views from its peak, you will be treated to a stunning panorama of Solo and its surroundings. The journey to the top is filled with untouched natural beauty, through challenging yet rewarding trails. This hill is perfect for watching the sunrise or sunset, with a colorful sky as the backdrop that will delight your eyes. Bukit Soko Gunung is a must-visit destination for those seeking adventure and peace in nature."
3,Oemah Bamboo,4.2,432,-7.5163576,110.4526212,Nature,"Oemah Bamboo menawarkan pengalaman unik dengan arsitektur bambu yang artistik dan ramah lingkungan. Terletak di tengah-tengah alam yang asri, tempat ini memberikan suasana yang tenang dan damai, jauh dari keramaian kota. Oemah Bamboo adalah tempat yang ideal untuk bersantai sambil menikmati keindahan alam sekitar, dengan berbagai kegiatan seperti piknik, berjalan-jalan, atau sekadar duduk menikmati pemandangan. Dikenal dengan struktur bangunan yang mengagumkan, Oemah Bamboo juga mengajarkan pentingnya keberlanjutan dan hubungan harmonis dengan alam.","Oemah Bamboo offers a unique experience with artistic and eco-friendly bamboo architecture. Situated amidst lush greenery, this place provides a calm and serene atmosphere, far from the city's noise. Oemah Bamboo is the ideal spot to relax while enjoying the surrounding natural beauty, with various activities such as picnicking, walking, or simply sitting and taking in the view. Known for its impressive structures, Oemah Bamboo also teaches the importance of sustainability and harmonious living with nature."
4,Taman Hutan Raya KGPAA Mangkunagoro I,4.5,732,-7.6232274,111.1365804,Nature,"Taman Hutan Raya KGPAA Mangkunagoro I adalah oase hijau di tengah hiruk-pikuk kota Solo. Taman hutan ini tidak hanya menawarkan keindahan alam, tetapi juga menjadi tempat konservasi berbagai flora dan fauna. Dinamakan untuk menghormati KGPAA Mangkunagoro I, taman ini memiliki jalur-jalur yang teduh di bawah naungan pohon-pohon besar yang memberikan udara segar dan ketenangan. Dengan berbagai fasilitas rekreasi dan edukasi, taman ini menjadi destinasi favorit bagi keluarga, pelajar, dan siapa saja yang ingin menikmati keindahan dan ketenangan alam.","Taman Hutan Raya KGPAA Mangkunagoro I is a green oasis in the midst of Solo's bustling city. This forest park not only offers natural beauty but also serves as a conservation area for various flora and fauna. Named in honor of KGPAA Mangkunagoro I, the park features shady trails under the canopy of large trees, providing fresh air and tranquility. With various recreational and educational facilities, the park is a favorite destination for families, students, and anyone looking to enjoy the beauty and peace of nature."
5,Air Terjun Jumog,4.6,783,-7.6311048,111.1245327,Nature,"Air Terjun Jumog, sering disebut sebagai ""Surga yang Tersembunyi"", menawarkan keindahan alam yang memukau dengan aliran air yang jernih dan segar. Terletak di tengah hutan yang rimbun, air terjun ini memberikan suasana yang sejuk dan menyegarkan. Anda bisa menikmati suara gemericik air yang menenangkan sambil merasakan kesegaran alami di sekitar air terjun. Selain keindahan alamnya, Air Terjun Jumog juga memiliki legenda lokal yang menambah daya tariknya sebagai destinasi wisata yang kaya akan budaya dan sejarah.","Air Terjun Jumog, often referred to as the ""Hidden Paradise,"" offers stunning natural beauty with its clear and fresh water flow. Nestled in a lush forest, this waterfall provides a cool and refreshing atmosphere. You can enjoy the soothing sound of cascading water while experiencing the natural freshness around the waterfall. Besides its natural beauty, Air Terjun Jumog also has local legends that add to its allure as a destination rich in culture and history."
6,Puro Mangkunegaran,4.7,7520,-7.5671112,110.8227592,"Art, Culture, History, Education","Puro Mangkunegaran adalah istana megah yang menyimpan sejarah panjang Kesultanan Mangkunegaran di Solo. Didirikan pada abad ke-18 oleh Raden Mas Said, yang kemudian dikenal sebagai Mangkunegara I, istana ini menjadi pusat kebudayaan dan seni Jawa. Arsitektur bangunan ini mencerminkan keindahan dan kekayaan budaya Jawa, dengan berbagai ornamen dan ukiran yang menghiasi setiap sudutnya. Puro Mangkunegaran juga berfungsi sebagai museum yang menyimpan berbagai koleksi seni, kerajinan, dan artefak sejarah yang berharga. Mengunjungi tempat ini akan membawa Anda kembali ke masa lalu dan memberikan pemahaman mendalam tentang sejarah dan budaya Solo.","Puro Mangkunegaran is a magnificent palace that holds the long history of the Mangkunegaran Sultanate in Solo. Founded in the 18th century by Raden Mas Said, who later became Mangkunegara I, this palace is a center of Javanese culture and arts. The architecture of this building reflects the beauty and richness of Javanese culture, with various ornaments and carvings adorning every corner. Puro Mangkunegaran also serves as a museum that houses a valuable collection of arts, crafts, and historical artifacts. Visiting this place will take you back in time and provide a deep understanding of Solo's history and culture."
7,Keraton Surakarta Hadiningrat,4.6,14917,-7.577773,110.8278931,"Art, Culture, History, Education","Keraton Surakarta Hadiningrat adalah simbol kejayaan dan kekayaan budaya Jawa. Didirikan pada tahun 1745 oleh Susuhunan Pakubuwono II, keraton ini menjadi pusat pemerintahan dan kebudayaan Kasunanan Surakarta. Dengan arsitektur yang megah dan penuh dengan detail artistik, keraton ini menyimpan berbagai cerita dan legenda dari masa lalu. Di dalam kompleks keraton, Anda dapat menemukan museum yang menampilkan berbagai artefak sejarah, pakaian kerajaan, dan senjata tradisional. Keraton Surakarta Hadiningrat adalah destinasi wajib bagi siapa saja yang ingin mendalami sejarah dan kebudayaan Solo yang kaya.","Keraton Surakarta Hadiningrat is a symbol of the grandeur and cultural richness of Java. Established in 1745 by Susuhunan Pakubuwono II, this palace became the center of governance and culture of the Surakarta Sunanate. With its majestic architecture and intricate artistic details, the palace holds various stories and legends from the past. Inside the palace complex, you can find a museum showcasing historical artifacts, royal garments, and traditional weapons. Keraton Surakarta Hadiningrat is a must-visit destination for anyone interested in delving into the rich history and culture of Solo."
8,Kampung Gamelan Wirun,5,1,-7.5973151,110.8360089,"Art, Culture, Education, Shop","Kampung Gamelan Wirun adalah pusat kerajinan gamelan yang terkenal di Solo. Di kampung ini, Anda dapat menyaksikan langsung proses pembuatan gamelan, dari pencetakan logam hingga penyetelan suara. Selain itu, Anda juga dapat belajar memainkan alat musik tradisional ini langsung dari para ahli. Kampung ini menawarkan pengalaman edukatif dan budaya yang mendalam, dengan berbagai workshop dan pertunjukan gamelan yang bisa dinikmati. Kampung Gamelan Wirun juga memiliki berbagai toko yang menjual gamelan dan kerajinan tangan lainnya, menjadikannya tempat yang sempurna untuk mencari oleh-oleh khas Solo.","Kampung Gamelan Wirun is a renowned center for gamelan craftsmanship in Solo. In this village, you can witness the gamelan-making process firsthand, from metal casting to tuning the instruments. Additionally, you can learn to play these traditional musical instruments directly from the experts. This village offers a deep educational and cultural experience, with various workshops and gamelan performances to enjoy. Kampung Gamelan Wirun also has numerous shops selling gamelan and other handicrafts, making it the perfect place to find unique souvenirs from Solo."
9,Kampung Batik Laweyan,4.6,174,-7.5700737,110.7977996,"Art, Culture, Education, Shop","Kampung Batik Laweyan adalah destinasi yang sempurna untuk mengenal dan belajar tentang seni batik Solo. Kampung ini memiliki sejarah panjang sebagai pusat industri batik sejak abad ke-19. Di sini, Anda dapat melihat berbagai motif batik klasik dan modern, serta mengikuti workshop untuk mencoba membuat batik sendiri. Selain itu, kampung ini juga memiliki banyak toko yang menjual batik berkualitas tinggi, dari kain hingga pakaian jadi. Kampung Batik Laweyan menawarkan kombinasi unik antara edukasi, budaya, dan belanja, menjadikannya tempat yang menarik untuk dikunjungi.","Kampung Batik Laweyan is the perfect destination to learn about and explore the art of Solo batik. This village has a long history as a center of the batik industry since the 19th century. Here, you can see various classic and modern batik motifs and participate in workshops to try making batik yourself. Additionally, the village has many shops selling high-quality batik, from fabrics to ready-made clothing. Kampung Batik Laweyan offers a unique combination of education, culture, and shopping, making it an interesting place to visit."
10,Kampung Batik Kauman,4.6,1484,-7.5734171,110.8263068,"Art, Culture, Education, Shop","Kampung Batik Kauman adalah tempat yang kaya akan sejarah dan budaya batik Solo. Terletak di dekat Keraton Surakarta, kampung ini telah menjadi pusat produksi batik sejak zaman kerajaan. Di sini, Anda dapat belajar tentang proses pembuatan batik tulis dan cap, serta melihat langsung para pengrajin batik bekerja. Kampung Batik Kauman juga menawarkan berbagai workshop dan tur edukatif yang memperkenalkan sejarah dan teknik batik kepada pengunjung. Dengan berbagai toko yang menjual batik berkualitas tinggi, kampung ini adalah destinasi ideal untuk para pecinta batik dan budaya Jawa.","Kampung Batik Kauman is a place rich in the history and culture of Solo batik. Located near Keraton Surakarta, this village has been a center of batik production since the royal era. Here, you can learn about the process of making traditional hand-drawn and stamped batik and watch the batik artisans at work. Kampung Batik Kauman also offers various educational workshops and tours that introduce the history and techniques of batik to visitors. With numerous shops selling high-quality batik, this village is an ideal destination for batik and Javanese culture enthusiasts.





"
11,Kampung Blangkon Serengan,4.8,12,-7.581713,110.8158544,"Art, Culture, Education, Shop","Kampung Blangkon Serengan adalah pusat kerajinan blangkon, penutup kepala tradisional Jawa yang sarat akan makna budaya. Di sini, Anda bisa melihat langsung proses pembuatan blangkon yang teliti dan rumit, serta belajar tentang sejarah dan simbolisme di balik setiap motifnya. Kampung ini juga menawarkan berbagai workshop dan toko yang menjual blangkon dan kerajinan lainnya, menjadikannya tempat yang sempurna untuk menemukan oleh-oleh khas Solo.","Kampung Blangkon Serengan is the center of blangkon craftsmanship, a traditional Javanese headgear rich in cultural significance. Here, you can witness the meticulous and intricate process of making blangkon, and learn about the history and symbolism behind each motif. The village also offers various workshops and shops selling blangkon and other crafts, making it the perfect place to find unique Solo souvenirs."
12,Kampung Kemlayan,4,1,-7.5720179,110.8210193,"Art, Culture, Education","Kampung Kemlayan adalah pusat kebudayaan yang terkenal dengan seni pertunjukan tradisional Jawa, seperti wayang kulit dan gamelan. Di kampung ini, Anda bisa belajar langsung dari para seniman dan pengrajin tentang cara membuat dan memainkan alat musik tradisional, serta menyaksikan pertunjukan seni yang autentik. Kampung Kemlayan merupakan destinasi ideal bagi mereka yang ingin mendalami seni dan budaya Jawa.","Kampung Kemlayan is a cultural hub renowned for traditional Javanese performing arts such as wayang kulit and gamelan. In this village, you can learn directly from artists and craftsmen about how to make and play traditional instruments, and witness authentic art performances. Kampung Kemlayan is the ideal destination for those who want to delve into Javanese art and culture."
13,Tumurun Private Museum,4.8,2154,-7.5704065,110.8163901,"Art, Culture, Education","Tumurun Private Museum adalah museum pribadi yang menampilkan koleksi seni modern dan kontemporer dari Indonesia dan mancanegara. Didirikan oleh keluarga Hartono, museum ini menjadi tempat bagi para pecinta seni untuk menikmati karya-karya yang inovatif dan inspiratif. Dengan berbagai pameran dan program edukasi, Tumurun Private Museum berperan penting dalam mempromosikan seni dan budaya kepada masyarakat luas.","Tumurun Private Museum is a private museum showcasing modern and contemporary art collections from Indonesia and abroad. Founded by the Hartono family, this museum is a place for art lovers to enjoy innovative and inspiring works. With various exhibitions and educational programs, Tumurun Private Museum plays an important role in promoting art and culture to the wider community."
14,Gladak,4.6,90,-7.5727187,110.8293154,History,"Gladak adalah kawasan bersejarah di Solo yang dikenal dengan jembatan ikoniknya yang menghubungkan Jalan Slamet Riyadi dan Keraton Kasunanan Surakarta. Dibangun pada masa kolonial Belanda, Gladak menjadi saksi bisu perkembangan kota Solo dari masa ke masa. Kawasan ini juga sering menjadi titik kumpul berbagai acara budaya dan tradisional yang menarik.","Gladak is a historic area in Solo known for its iconic bridge that connects Jalan Slamet Riyadi and the Kasunanan Surakarta Palace. Built during the Dutch colonial period, Gladak has witnessed the development of Solo through the ages. This area also often serves as a gathering point for various interesting cultural and traditional events."
15,Ponten Mangkunegaran IV,4.6,244,-7.5610617,110.8221541,History,"Ponten Mangkunegaran IV adalah bangunan bersejarah yang digunakan sebagai fasilitas umum mandi dan cuci pada masa pemerintahan Mangkunegara IV. Dibangun pada abad ke-19, Ponten ini menunjukkan perhatian pemerintah kerajaan terhadap kebersihan dan kesehatan masyarakat. Kini, bangunan ini menjadi salah satu saksi bisu sejarah panjang kerajaan Mangkunegaran di Solo.","Ponten Mangkunegaran IV is a historic building that was used as a public bathing and washing facility during the reign of Mangkunegara IV. Built in the 19th century, this Ponten reflects the royal government's attention to public cleanliness and health. Today, the building stands as a silent witness to the long history of the Mangkunegaran kingdom in Solo."
16,Taman Monumen 45 Banjarsari,4.5,4525,-7.5604092,110.8264441,History,"Taman Monumen 45 Banjarsari adalah monumen yang dibangun untuk memperingati perjuangan kemerdekaan Indonesia. Terletak di pusat kota Solo, monumen ini dikelilingi oleh taman yang indah, menjadikannya tempat yang ideal untuk mengenang jasa para pahlawan. Monumen ini juga sering menjadi lokasi upacara dan peringatan hari-hari besar nasional.","Taman Monumen 45 Banjarsari is a monument built to commemorate Indonesia's struggle for independence. Located in the center of Solo, the monument is surrounded by a beautiful park, making it an ideal place to remember the heroes' sacrifices. The monument is also often the site of ceremonies and commemorations of national holidays."
17,Balaikota Solo,4.6,893,-7.5694476,110.829594,History,"Balaikota Solo adalah pusat pemerintahan kota Solo yang bersejarah, dibangun pada masa kolonial Belanda. Gedung ini menjadi simbol kekuasaan administratif dan pusat pengambilan keputusan penting di kota ini. Dengan arsitektur kolonial yang khas, Balaikota Solo tidak hanya berfungsi sebagai kantor pemerintahan tetapi juga menjadi salah satu landmark kota yang menarik untuk dikunjungi.","Balaikota Solo is the historic city hall of Solo, built during the Dutch colonial era. This building symbolizes administrative power and serves as the center for important decision-making in the city. With its distinctive colonial architecture, Balaikota Solo not only functions as a government office but also stands as an interesting city landmark to visit."
18,Benteng Vastenburg,4.5,15652,-7.5719529,110.8307322,History,"Benteng Vastenburg adalah benteng peninggalan Belanda yang dibangun pada tahun 1745 oleh Gubernur Jenderal Baron van Imhoff. Benteng ini dibangun untuk mengawasi dan mengendalikan aktivitas Keraton Surakarta. Benteng Vastenburg kini menjadi salah satu situs bersejarah yang menunjukkan jejak kolonialisme di Solo, dan sering digunakan sebagai lokasi berbagai acara budaya dan pameran.",Benteng Vastenburg is a Dutch colonial fortress built in 1745 by Governor-General Baron van Imhoff. The fortress was constructed to monitor and control the activities of the Surakarta Palace. Benteng Vastenburg now stands as a historic site showcasing traces of colonialism in Solo and is often used as a venue for various cultural events and exhibitions.
19,Museum Samanhoedi,4.5,241,-7.5666572,110.7973478,"History, Education","Museum Samanhoedi didedikasikan untuk mengenang Samanhoedi, pendiri Serikat Dagang Islam, organisasi dagang pertama yang memperjuangkan kepentingan pedagang pribumi pada masa kolonial. Museum ini menyimpan berbagai artefak dan dokumentasi sejarah perjuangan ekonomi dan sosial Samanhoedi. Terletak di kampung Laweyan, museum ini memberikan wawasan mendalam tentang sejarah pergerakan nasional Indonesia.","Museum Samanhoedi is dedicated to the memory of Samanhoedi, the founder of Serikat Dagang Islam, the first trade organization advocating for native traders during the colonial period. The museum houses various artifacts and historical documents related to Samanhoedi's economic and social struggles. Located in Laweyan village, this museum provides deep insights into the history of Indonesia's national movement."
20,Museum Monumen Pers,4.6,2323,-7.565059,110.818131,"History, Education","Museum Monumen Pers di Solo adalah tempat yang didirikan untuk mengenang sejarah pers di Indonesia. Diresmikan pada tahun 1978, museum ini menampilkan berbagai koleksi surat kabar, majalah, dan peralatan pers dari masa lalu. Museum ini berperan penting dalam edukasi tentang perkembangan media dan kebebasan pers di Indonesia, serta menjadi sumber informasi bagi peneliti dan pelajar.","Museum Monumen Pers in Solo is a place dedicated to commemorating the history of the press in Indonesia. Inaugurated in 1978, the museum features various collections of newspapers, magazines, and press equipment from the past. This museum plays an important role in educating the public about the development of media and press freedom in Indonesia, and serves as a resource for researchers and students."
21,Museum Keris Nusantara,4.6,2386,-7.5690312,110.8108078,"History, Education","Museum Keris Nusantara di Solo adalah destinasi yang wajib dikunjungi bagi para pecinta sejarah dan budaya. Diresmikan pada tahun 2017, museum ini menampilkan koleksi keris yang beragam dari seluruh nusantara. Setiap keris memiliki cerita dan makna tersendiri, mencerminkan keahlian dan tradisi yang diwariskan dari generasi ke generasi. Dengan berbagai program edukasi, museum ini memberikan wawasan mendalam tentang seni pembuatan dan filosofi di balik keris.","Museum Keris Nusantara in Solo is a must-visit destination for history and culture enthusiasts. Inaugurated in 2017, the museum showcases a diverse collection of keris from across the archipelago. Each keris has its own story and significance, reflecting the craftsmanship and traditions passed down through generations. With various educational programs, the museum provides deep insights into the art of making and the philosophy behind the keris."
22,De Tjolomadoe,4.6,21023,-7.5341353,110.7499199,"History, Education, Culinary","De Tjolomadoe adalah bekas pabrik gula yang dibangun pada tahun 1861 oleh pemerintah kolonial Belanda. Setelah direvitalisasi, tempat ini sekarang menjadi kompleks budaya dan pendidikan yang menarik, menawarkan museum yang menceritakan sejarah pabrik gula serta berbagai kegiatan kuliner dan hiburan. Dengan arsitektur yang memadukan gaya kolonial dan modern, De Tjolomadoe adalah destinasi unik yang memadukan sejarah, pendidikan, dan kesenangan.","De Tjolomadoe is a former sugar factory built in 1861 by the Dutch colonial government. After being revitalized, it now serves as an engaging cultural and educational complex, offering a museum that tells the history of the sugar factory, as well as various culinary and entertainment activities. With architecture that blends colonial and modern styles, De Tjolomadoe is a unique destination that combines history, education, and enjoyment."
23,Museum Batik Danar Hadi,4.6,2240,-7.5687936,110.8163394,"History, Education","Museum Batik Danar Hadi, didirikan pada tahun 2000, adalah salah satu museum batik terkemuka di Indonesia. Terletak di sebuah bangunan bersejarah yang indah, museum ini menyimpan koleksi batik yang luar biasa dari berbagai daerah dan periode. Selain pameran, museum ini juga menawarkan workshop pembuatan batik dan tur edukasi yang memberikan wawasan tentang sejarah dan teknik pembuatan batik.","Museum Batik Danar Hadi, established in 2000, is one of the foremost batik museums in Indonesia. Housed in a beautiful historic building, the museum holds an exceptional collection of batik from various regions and periods. In addition to exhibitions, the museum offers batik-making workshops and educational tours that provide insights into the history and techniques of batik production."
24,Situs Prasejarah Sangiran,4.7,952,-7.4556262,110.8342097,"History, Education","Situs Prasejarah Sangiran adalah salah satu situs arkeologi terpenting di dunia, dikenal dengan penemuan fosil manusia purba. Terletak di kabupaten Sragen, situs ini diakui sebagai Situs Warisan Dunia oleh UNESCO pada tahun 1996. Museum Sangiran yang berada di area ini menampilkan berbagai artefak prasejarah dan memberikan informasi mendalam tentang evolusi manusia dan kehidupan masa lampau.","The Sangiran Early Man Site is one of the most important archaeological sites in the world, known for its discovery of ancient human fossils. Located in Sragen Regency, this site was recognized as a UNESCO World Heritage Site in 1996. The Sangiran Museum in the area displays various prehistoric artifacts and provides in-depth information about human evolution and ancient life."
25,Solo Safari,4,16771,-7.564647,110.8585969,Education,"Solo Safari adalah taman edukasi yang menggabungkan konsep kebun binatang dan taman rekreasi. Di sini, pengunjung bisa belajar tentang berbagai spesies hewan dari seluruh dunia dalam lingkungan yang aman dan terjaga. Selain itu, Solo Safari menawarkan berbagai program edukasi tentang konservasi dan perlindungan satwa, menjadikannya tempat yang ideal untuk kunjungan keluarga dan sekolah.","Solo Safari is an educational park that combines the concepts of a zoo and a recreational park. Here, visitors can learn about various animal species from around the world in a safe and well-maintained environment. Additionally, Solo Safari offers various educational programs on conservation and animal protection, making it an ideal place for family and school visits."
26,Rumah Budaya Kratonan,4.4,346,-7.5778095,110.8182663,"Culture, History, Education","Rumah Budaya Kratonan adalah pusat kebudayaan yang didedikasikan untuk melestarikan dan mempromosikan budaya Jawa. Didirikan pada tahun 2010, tempat ini menawarkan berbagai program pendidikan dan pertunjukan seni tradisional seperti tari, musik, dan teater. Dengan lingkungan yang kaya akan sejarah dan tradisi, Rumah Budaya Kratonan memberikan pengalaman mendalam tentang kekayaan budaya Jawa.","Rumah Budaya Kratonan is a cultural center dedicated to preserving and promoting Javanese culture. Established in 2010, it offers various educational programs and traditional art performances such as dance, music, and theater. With an environment rich in history and tradition, Rumah Budaya Kratonan provides a deep experience of the richness of Javanese culture."
27,Museum Lokananta,4.8,857,-7.5577331,110.7954845,"Art, History, Education","Museum Lokananta adalah museum musik pertama di Indonesia, didirikan pada tahun 1956. Terletak di Solo, museum ini menyimpan koleksi rekaman dan peralatan musik bersejarah, termasuk rekaman asli dari berbagai artis legendaris Indonesia. Lokananta juga masih berfungsi sebagai studio rekaman, menjadikannya tempat yang bersejarah sekaligus hidup dalam dunia musik Indonesia.","Museum Lokananta is Indonesia's first music museum, established in 1956. Located in Solo, the museum houses a collection of historic recordings and musical equipment, including original recordings from various legendary Indonesian artists. Lokananta still operates as a recording studio, making it both a historic and a living part of Indonesia's music scene."
28,Solo Techno Park,4.7,726,-7.5560692,110.8538665,Education,"Solo Techno Park adalah pusat inovasi dan pendidikan teknologi yang didirikan untuk mendorong perkembangan ilmu pengetahuan dan teknologi di Solo. Didirikan pada tahun 2009, tempat ini menawarkan berbagai program pelatihan dan penelitian di bidang teknologi dan rekayasa. Solo Techno Park juga berfungsi sebagai inkubator bisnis bagi startup dan perusahaan teknologi, menjadikannya pusat penting bagi perkembangan industri teknologi di Solo.","Solo Techno Park is a center for innovation and technology education established to promote the development of science and technology in Solo. Founded in 2009, it offers various training and research programs in technology and engineering. Solo Techno Park also serves as a business incubator for startups and tech companies, making it a crucial hub for the growth of the technology industry in Solo."
29,Taman Cerdas,4.2,4,-7.5539899,110.8532752,Education,"Taman Cerdas adalah taman pendidikan yang dirancang untuk anak-anak dan keluarga. Didirikan pada tahun 2011, taman ini menawarkan berbagai fasilitas dan program edukatif yang interaktif dan menyenangkan, seperti area bermain, perpustakaan, dan ruang seni. Taman Cerdas bertujuan untuk mendukung perkembangan kognitif dan kreatif anak-anak dalam lingkungan yang aman dan mendidik.","Taman Cerdas is an educational park designed for children and families. Established in 2011, the park offers various interactive and enjoyable educational facilities and programs, such as play areas, a library, and art spaces. Taman Cerdas aims to support the cognitive and creative development of children in a safe and educational environment."
30,Pasar Kembang,4.5,3040,-7.2694177,112.7293681,Shop,"Pasar Kembang adalah pasar tradisional yang terkenal di Solo, khusus menjual bunga dan berbagai perlengkapan upacara. Pasar ini menawarkan berbagai jenis bunga segar dan tanaman hias, serta barang-barang dekoratif untuk acara-acara khusus. Selain sebagai tempat berbelanja, Pasar Kembang juga menjadi destinasi wisata budaya yang menarik, memberikan pengalaman autentik tentang kehidupan pasar tradisional di Solo.","Pasar Kembang is a well-known traditional market in Solo, specializing in flowers and various ceremonial supplies. The market offers a wide variety of fresh flowers and ornamental plants, as well as decorative items for special occasions. Besides being a shopping destination, Pasar Kembang is also an interesting cultural tourist spot, providing an authentic experience of traditional market life in Solo."
31,Pare Anom Art Shop,4.1,2,-7.5671112,110.8227592,"Art, Shop","Pare Anom Art Shop adalah toko seni yang menampilkan karya seni tradisional dan kontemporer dari seniman lokal. Di sini, Anda bisa menemukan berbagai macam lukisan, patung, dan kerajinan tangan yang unik dan berkualitas tinggi. Pare Anom tidak hanya menawarkan produk seni, tetapi juga memberikan kesempatan bagi para pengunjung untuk belajar tentang seni dan budaya Jawa melalui berbagai workshop dan pameran.","Pare Anom Art Shop is an art store showcasing traditional and contemporary artworks by local artists. Here, you can find a wide range of unique and high-quality paintings, sculptures, and handicrafts. Pare Anom not only offers art products but also provides opportunities for visitors to learn about Javanese art and culture through various workshops and exhibitions."
32,Benteng Trade Center,4.6,4687,-7.5738012,110.8315835,Shop,"Benteng Trade Center adalah pusat perbelanjaan modern yang menawarkan berbagai produk dari pakaian, aksesoris, hingga kebutuhan sehari-hari. Terletak di jantung kota Solo, tempat ini menjadi destinasi favorit bagi mereka yang mencari barang-barang berkualitas dengan harga terjangkau. Dengan suasana yang nyaman dan fasilitas lengkap, Benteng Trade Center menjadi tempat yang ideal untuk berbelanja.","Benteng Trade Center is a modern shopping center offering a variety of products from clothing, accessories, to daily necessities. Located in the heart of Solo, this place is a favorite destination for those looking for quality goods at affordable prices. With a comfortable atmosphere and complete facilities, Benteng Trade Center is an ideal place for shopping."
33,Pusat Grosir Solo,4.4,14137,-7.573093,110.829882,Shop,"Pusat Grosir Solo adalah pusat grosir terbesar di Solo yang menyediakan berbagai produk, mulai dari pakaian, tekstil, hingga peralatan rumah tangga. Tempat ini menjadi pilihan utama bagi para pedagang dan konsumen yang ingin membeli barang dalam jumlah besar dengan harga grosir. Dengan banyaknya pilihan dan harga yang kompetitif, Pusat Grosir Solo menjadi destinasi belanja yang tidak boleh dilewatkan.","Pusat Grosir Solo is the largest wholesale center in Solo, offering a wide range of products from clothing, textiles, to household goods. This place is the top choice for traders and consumers who want to buy goods in large quantities at wholesale prices. With a vast selection and competitive prices, Pusat Grosir Solo is a shopping destination not to be missed."
34,Pasar Malam Ngarsopuro,4.5,5578,-7.56875,110.8223017,"Shop, Culinary","Pasar Malam Ngarsopuro adalah pasar malam yang menawarkan berbagai produk kerajinan, pakaian, dan kuliner khas Solo. Dibuka setiap akhir pekan, pasar ini menjadi tempat yang ramai dengan suasana yang hidup dan menyenangkan. Selain berbelanja, pengunjung juga bisa menikmati berbagai hidangan lezat sambil menikmati pertunjukan seni dan musik jalanan yang sering diadakan di sini.","Pasar Malam Ngarsopuro is a night market offering a variety of handicrafts, clothing, and Solo's culinary delights. Open every weekend, this market becomes a lively and enjoyable place. In addition to shopping, visitors can enjoy various delicious dishes while enjoying street art and music performances often held here."
35,Pasar Klewer,4.5,10084,-7.5844761,110.8295178,Shop,"Pasar Klewer adalah pasar tekstil terbesar di Solo, terkenal dengan koleksi batik yang lengkap dan berkualitas. Pasar ini menjadi destinasi utama bagi wisatawan dan penduduk lokal yang mencari batik dalam berbagai motif dan warna. Selain batik, Pasar Klewer juga menawarkan berbagai produk tekstil lainnya dan aksesoris tradisional yang menarik.","Pasar Klewer is the largest textile market in Solo, famous for its extensive and high-quality batik collection. This market is a primary destination for tourists and locals looking for batik in various motifs and colors. Besides batik, Pasar Klewer also offers a variety of other textiles and attractive traditional accessories."
36,Pasar Antik Triwindu,4.5,2962,-7.5691764,110.8225383,"Art, Shop","Pasar Antik Triwindu adalah surga bagi para pecinta barang antik dan kolektor. Pasar ini menawarkan berbagai macam barang antik dari mebel, keramik, hingga perhiasan dan barang-barang unik lainnya. Setiap item di Pasar Triwindu memiliki cerita dan nilai sejarah yang tinggi, menjadikannya tempat yang menarik untuk berburu harta karun dari masa lalu.","Pasar Antik Triwindu is a paradise for antique lovers and collectors. This market offers a wide range of antique items from furniture, ceramics, to jewelry and other unique items. Each item at Triwindu Market has its own story and high historical value, making it an interesting place to hunt for treasures from the past."
37,Pasar Gedhe Harjonagoro,4.6,21244,-7.5693566,110.8314446,"Shop, Culinary","Pasar Gedhe Harjonagoro adalah pasar tradisional terbesar di Solo yang menawarkan berbagai kebutuhan sehari-hari dan kuliner khas. Di sini, Anda bisa menemukan berbagai bahan makanan segar, rempah-rempah, hingga jajanan tradisional yang lezat. Pasar ini juga menjadi tempat yang tepat untuk merasakan kehidupan sehari-hari masyarakat Solo dan menikmati keramaian pasar tradisional.","Pasar Gedhe Harjonagoro is the largest traditional market in Solo, offering a variety of daily necessities and local culinary delights. Here, you can find various fresh food ingredients, spices, and delicious traditional snacks. This market is also the perfect place to experience the daily life of the people of Solo and enjoy the bustling atmosphere of a traditional market."
38,Nasi Liwet Bu Wongso Lemu,3.9,4821,-7.5695847,110.8235705,Culinary,"Nasi Liwet Bu Wongso Lemu adalah salah satu tempat makan legendaris di Solo yang terkenal dengan hidangan nasi liwetnya yang lezat. Dibuka sejak tahun 1950-an, warung ini menawarkan nasi liwet dengan cita rasa autentik yang disajikan dengan ayam suwir, telur, dan sayur labu siam. Tempat ini menjadi destinasi kuliner wajib bagi siapa pun yang ingin merasakan kelezatan nasi liwet khas Solo.","Nasi Liwet Bu Wongso Lemu is one of the legendary eateries in Solo, famous for its delicious nasi liwet. Opened since the 1950s, this eatery offers authentic nasi liwet served with shredded chicken, eggs, and chayote vegetables. This place is a must-visit culinary destination for anyone wanting to taste the delectable nasi liwet of Solo."
39,Timlo Sastro,4.5,2810,-7.5645116,110.834624,Culinary,"Timlo Sastro adalah tempat makan ikonik di Solo yang terkenal dengan hidangan timlonya, sejenis sup khas Solo. Berdiri sejak tahun 1952, Timlo Sastro menawarkan hidangan timlo yang terdiri dari sosis Solo, telur pindang, dan potongan ayam yang disajikan dalam kuah kaldu yang gurih. Warung ini menjadi favorit bagi banyak orang karena cita rasa autentik dan suasana tradisionalnya.","Timlo Sastro is an iconic eatery in Solo famous for its timlo, a traditional Solo soup. Established in 1952, Timlo Sastro offers a dish consisting of Solo sausage, pindang eggs, and chicken pieces served in a savory broth. This eatery is a favorite for many due to its authentic taste and traditional ambiance."
40,Sate Buntel Mbok Galak,4.4,7083,-7.5447468,110.8087797,Culinary,"Sate Buntel Mbok Galak adalah tempat makan terkenal di Solo yang menyajikan sate buntel, sate khas Solo yang terbuat dari daging kambing cincang yang dibungkus lemak. Dengan cita rasa yang lezat dan tekstur yang empuk, sate buntel di warung Mbok Galak menjadi favorit banyak orang. Warung ini telah menjadi tujuan kuliner populer sejak dibuka pada tahun 1970-an.","Sate Buntel Mbok Galak is a famous eatery in Solo serving sate buntel, a traditional Solo satay made from minced goat meat wrapped in fat. With its delicious taste and tender texture, the sate buntel at Mbok Galak has become a favorite for many. This eatery has been a popular culinary destination since it opened in the 1970s."
41,Warung Pecel Bu Kis,4.4,1007,-6.6990343,111.6212926,Culinary,"Warung Pecel Bu Kis adalah warung legendaris yang dikenal dengan hidangan pecelnya yang lezat dan autentik. Pecel, makanan tradisional Jawa, terdiri dari sayuran segar yang disiram dengan bumbu kacang khas. Warung ini telah berdiri sejak tahun 1960-an dan terus mempertahankan cita rasa khasnya. Asal-usul pecel dipercaya berasal dari Madiun, Jawa Timur, tetapi Warung Pecel Bu Kis di Solo terkenal dengan rasa yang otentik dan rempeyeknya yang renyah.","Warung Pecel Bu Kis is a legendary food stall known for its delicious and authentic pecel, a traditional Javanese dish of fresh vegetables topped with a signature peanut sauce. Established in the 1960s, this eatery has maintained its distinctive flavor. Pecel is believed to originate from Madiun, East Java, but Warung Pecel Bu Kis in Solo is renowned for its authentic taste and crispy rempeyek."
42,Cabuk Rambak Bu Parmi,4.6,1329,-7.5807778,110.8210745,Culinary,"Cabuk Rambak Bu Parmi adalah tempat terkenal untuk mencicipi cabuk rambak, makanan khas Solo yang terdiri dari ketupat yang disajikan dengan saus wijen hitam dan kerupuk karak. Warung ini sudah ada sejak tahun 1970-an dan dikenal dengan cita rasa autentiknya. Hidangan ini unik untuk Solo dan sering dijadikan camilan atau makan siang yang ringan.","Cabuk Rambak Bu Parmi is a famous spot for tasting cabuk rambak, a Solo specialty featuring ketupat served with black sesame sauce and crispy karak crackers. Established in the 1970s, this food stall is known for its authentic taste. This dish is unique to Solo and is often enjoyed as a snack or a light lunch."
43,Tengkleng Bu Edi,4.2,1752,-7.574966,110.8273845,Culinary,"Tengkleng Bu Edi adalah tempat yang populer untuk menikmati tengkleng, sup kambing dengan tulang yang dimasak dalam kuah bumbu kaya rempah. Didirikan pada tahun 1971, warung ini telah menjadi ikon kuliner Solo. Tengkleng berasal dari hidangan khas Keraton Solo yang biasanya disajikan untuk keluarga kerajaan.","Tengkleng Bu Edi is a popular spot to enjoy tengkleng, a goat bone soup cooked in a richly spiced broth. Established in 1971, this stall has become a culinary icon in Solo. Tengkleng originates from a traditional dish of the Solo Palace, typically served to the royal family."
44,Gudeg Ceker Margoyudan,4.5,3682,-7.5588255,110.8296634,Culinary,"Gudeg Ceker Margoyudan terkenal dengan hidangan gudegnya yang unik, yang disajikan dengan ceker (kaki ayam). Warung ini telah melayani pelanggan sejak tahun 1967 dan dikenal dengan rasa manis dan gurih yang khas dari gudeg. Asal-usul gudeg adalah dari Yogyakarta, namun warung ini menawarkan variasi dengan tambahan ceker yang empuk.","Gudeg Ceker Margoyudan is famous for its unique gudeg dish served with chicken feet. Established in 1967, this stall is known for the distinct sweet and savory flavor of its gudeg. Gudeg originates from Yogyakarta, but this eatery offers a variation with tender chicken feet."
45,Serabi Notosuman,4.6,1859,-7.7971137,110.3622028,Culinary,"Serabi Notosuman adalah toko legendaris yang terkenal dengan serabi tradisionalnya yang lezat dan autentik. Berdiri sejak tahun 1923, Serabi Notosuman tetap mempertahankan cara pembuatan tradisional dengan menggunakan tungku arang. Serabi ini dibuat dengan campuran tepung beras dan santan, menghasilkan tekstur yang lembut dengan berbagai topping.","Serabi Notosuman is a legendary store famous for its delicious and authentic traditional serabi. Established in 1923, it has maintained its traditional preparation method using charcoal stoves. Serabi is made from a mix of rice flour and coconut milk, resulting in a soft texture with various toppings."
46,Dawet Telasih Bu Dermi,4.3,915,-7.5690142,110.8320076,Culinary,"Dawet Telasih Bu Dermi adalah warung yang terkenal dengan es dawet telasihnya yang segar dan manis. Berdiri sejak tahun 1950-an, minuman ini terdiri dari cendol hijau, tape, dan biji telasih yang disajikan dengan santan dan gula jawa cair. Dawet sendiri merupakan minuman khas Jawa yang dikenal dengan rasa manis dan segarnya.","Dawet Telasih Bu Dermi is a renowned stall famous for its refreshing and sweet dawet telasih. Established in the 1950s, this drink consists of green cendol, tape, and basil seeds served with coconut milk and liquid palm sugar. Dawet is a traditional Javanese drink known for its sweet and refreshing taste."
47,Bakmi Toprak Yu Nani,4.7,10,-7.5710702,110.8131168,Culinary,"Bakmi Toprak Yu Nani adalah tempat terkenal untuk menikmati bakmi toprak, hidangan mi kuah khas Solo dengan campuran sayuran dan potongan daging sapi. Warung ini sudah melayani pelanggan sejak tahun 1980-an dan dikenal dengan cita rasa kuah yang kaya rempah. Bakmi toprak adalah variasi lokal dari hidangan mi yang dipengaruhi oleh masakan Cina dan Jawa.","Bakmi Toprak Yu Nani is a well-known spot to enjoy bakmi toprak, a Solo specialty noodle soup with a mix of vegetables and beef slices. Serving customers since the 1980s, this stall is known for its richly spiced broth. Bakmi toprak is a local variation of noodles influenced by Chinese and Javanese cuisine."
48,Sambel Tumpang Bu Kis,4.4,1007,-6.6990343,111.6212926,Culinary,"Sambel Tumpang Bu Kis menawarkan sambel tumpang, hidangan khas Jawa Tengah yang terdiri dari tempe busuk yang diolah dengan santan dan bumbu. Warung ini telah berdiri sejak tahun 1975 dan dikenal dengan rasa sambel tumpang yang pedas dan gurih. Hidangan ini memiliki asal-usul dari kebutuhan untuk mengolah tempe yang sudah hampir busuk menjadi hidangan yang lezat.","Sambel Tumpang Bu Kis offers sambel tumpang, a Central Javanese dish made from fermented tempeh cooked with coconut milk and spices. Established in 1975, this stall is known for its spicy and savory sambel tumpang. This dish originated from the need to transform nearly spoiled tempeh into a delicious meal."
49,Tahu Kupat Solihin,4.3,247,-7.546656,110.82021,Culinary,"Tahu Kupat Solihin adalah tempat legendaris untuk menikmati tahu kupat, hidangan tahu yang disajikan dengan kupat (ketupat) dan disiram dengan kuah kecap manis serta bumbu kacang. Warung ini telah ada sejak tahun 1970-an dan dikenal dengan kombinasi rasa yang kaya dan tekstur yang renyah dari tahu gorengnya. Tahu kupat adalah hidangan khas Solo yang menggugah selera.","Tahu Kupat Solihin is a legendary spot to enjoy tahu kupat, a dish of tofu served with kupat (rice cake) and topped with sweet soy sauce and peanut sauce. Established in the 1970s, this stall is known for its rich combination of flavors and the crispy texture of its fried tofu. Tahu kupat is a tantalizing Solo specialty."
50,Sate Kere Yu Rebi,4.3,1183,-7.5696786,110.8113261,Culinary,"Sate Kere Yu Rebi adalah tempat terkenal untuk menikmati sate kere, sate dari tempe gembus yang biasanya disajikan dengan bumbu kacang. Didirikan pada tahun 1967, warung ini menawarkan rasa yang unik dan ekonomis. Sate kere berasal dari istilah ""kere"" yang berarti miskin, karena hidangan ini awalnya dibuat dari bahan-bahan yang terjangkau seperti tempe gembus.","Sate Kere Yu Rebi is a well-known spot for enjoying sate kere, skewers of tempe gembus typically served with peanut sauce. Established in 1967, this stall offers a unique and economical flavor. Sate kere comes from the term ""kere,"" meaning poor, as this dish was originally made from affordable ingredients like tempe gembus."
51,Tahok Pak Citro,4.4,149,-7.5692402,110.8311688,Culinary,"Tahok Pak Citro adalah warung yang terkenal dengan tahoknya yang lembut dan kenyal, disajikan dengan kuah gula merah yang kental dan taburan kacang tanah. Warung ini telah berdiri sejak tahun 1950-an dan merupakan salah satu ikon kuliner khas Solo. Asal-usul tahok adalah dari China, tetapi diadaptasi dengan rasa dan bahan lokal untuk memenuhi selera masyarakat Solo.","Tahok Pak Citro is a renowned stall famous for its soft and chewy tahok, served with thick palm sugar sauce and sprinkled with peanuts. Established in the 1950s, this stall is an icon of Solo's culinary scene. Tahok originates from China but has been adapted with local flavors and ingredients to cater to the tastes of Solo's residents."
52,Selat Solo Vien's,4.4,10791,-7.5695177,110.8250266,Culinary,"Selat Solo Vien's adalah restoran yang terkenal dengan selat Solo-nya yang lezat, hidangan berbahan dasar daging dan telur dengan saus bermacam-macam. Restoran ini telah beroperasi sejak tahun 1960-an dan menjadi salah satu destinasi makan malam yang populer di Solo. Asal-usul selat Solo terkait dengan pengaruh kuliner Belanda dan Jawa, menciptakan kombinasi rasa yang unik.","Selat Solo Vien's is a renowned restaurant famous for its delicious selat Solo, a dish made with meat and eggs in various sauces. Established in the 1960s, this restaurant is a popular dinner destination in Solo. The origin of selat Solo is linked to Dutch and Javanese culinary influences, creating a unique blend of flavors."
53,Masjid Raya Syeikh Zayed,4.7,9393,-7.5547331,110.826713,Religious,"Masjid Raya Syeikh Zayed adalah salah satu landmark keagamaan yang megah di Solo, didedikasikan untuk umat Muslim di kota ini. Dibangun pada tahun 2010 dengan gaya arsitektur modern dan tradisional, masjid ini menjadi pusat kegiatan keagamaan dan sosial bagi komunitas Muslim Solo. Nama ""Syeikh Zayed"" diambil dari nama presiden Uni Emirat Arab yang mendukung pembangunan masjid ini.","Masjid Raya Syeikh Zayed is a grand religious landmark in Solo, dedicated to the Muslim community of the city. Built in 2010 with a blend of modern and traditional architectural styles, this mosque serves as a center for religious and social activities for Solo's Muslim community. The name ""Syeikh Zayed"" is derived from the name of the president of the United Arab Emirates who supported the construction of this mosque."
54,Pura Indra Prasta,4.9,13,-7.5653241,110.7871019,Religious,"Pura Indra Prasta adalah kompleks pura Hindu yang penting di Solo, tempat pemujaan bagi umat Hindu di kota ini. Dibangun dengan arsitektur khas Bali pada tahun 1975, pura ini menjadi tempat ziarah dan persembahyangan yang penting bagi umat Hindu. Asal-usul nama ""Indra Prasta"" mengacu pada salah satu nama lain dari Yudistira, tokoh dalam wiracarita Mahabharata.","Pura Indra Prasta is an important Hindu temple complex in Solo, serving as a place of worship for the Hindu community in the city. Built in 1975 with Balinese architectural style, this temple is a significant pilgrimage and prayer site for Hindus. The name ""Indra Prasta"" refers to one of the alternative names for Yudistira, a character in the epic Mahabharata."
55,Astana Oetara,4.9,31,-7.5481073,110.8235862,"Culture, Religious","Astana Oetara adalah kompleks makam dan tempat ziarah yang memiliki nilai budaya dan keagamaan yang tinggi di Solo. Dibangun sebagai makam raja-raja dan tokoh-tokoh keraton, kompleks ini mencerminkan warisan kebudayaan Jawa yang kaya. Asal-usul Astana Oetara terkait erat dengan sejarah Keraton Solo dan tetap menjadi tempat yang disucikan bagi pengikut setia keraton.","Astana Oetara is a complex of tombs and pilgrimage site with significant cultural and religious value in Solo. Built as the burial place of kings and royal figures, this complex reflects the rich Javanese cultural heritage. The origin of Astana Oetara is closely linked to the history of the Solo Palace and remains a sacred place for loyal followers of the palace."
56,Candi Putih,4.6,430,-7.5698423,110.8487998,"Culture, History, Religious","Candi Putih adalah situs purbakala yang penting di Solo, kompleks candi yang menggambarkan kejayaan masa lalu. Diperkirakan dibangun pada abad ke-8 Masehi, candi ini merupakan peninggalan sejarah yang menjadi saksi bisu perkembangan keagamaan dan budaya di Jawa Tengah. Candi ini juga digunakan sebagai tempat persembahyangan bagi umat Hindu dan Budha pada zamannya.","Candi Putih is an important archaeological site in Solo, a temple complex that reflects the glory of the past. Estimated to be built in the 8th century AD, this temple is a historical legacy that bears witness to the religious and cultural development in Central Java. The temple was also used as a place of worship for Hindus and Buddhists in its time."
57,Masjid Agung Keraton Solo,4.8,7496,-7.5744033,110.8265936,"Culture, History, Religious","Masjid Agung Keraton Solo adalah masjid bersejarah yang terletak di dalam kompleks Keraton Kasunanan Solo. Dibangun pada tahun 1763, masjid ini menjadi salah satu ikon budaya dan sejarah yang penting di Solo. Masjid ini tidak hanya berfungsi sebagai tempat ibadah, tetapi juga sebagai pusat kegiatan keagamaan dan budaya dalam kehidupan keraton.","Masjid Agung Keraton Solo is a historic mosque located within the complex of the Kasunanan Solo Palace. Built in 1763, this mosque is one of the important cultural and historical icons in Solo. The mosque serves not only as a place of worship but also as a center for religious and cultural activities within the palace life."
